text,source,source_url,date,author_id
"I took hundreds of photos during our family trip to Goa last summer but I can't find the sunset photos from the beach. I searched 'Goa sunset' but got too many results spanning multiple trips.",reddit,https://reddit.com/r/googlephotos/example1,2026-03-15,user_hash_001
"Is there a way to search for screenshots I took of a recipe? I remember it had a blue background but I can't remember what app it was from or when I saved it.",reddit,https://reddit.com/r/googlephotos/example2,2026-03-18,user_hash_002
"I'm looking for a photo of my daughter's first birthday cake. I know it was sometime in 2024 but I can't narrow it down further. Scrolling through months of photos is exhausting.",community,https://support.google.com/photos/thread/example3,2026-02-20,user_hash_003
"Why can't I search for 'that photo with the red car parked next to the tree'? I can picture it perfectly but Google Photos doesn't understand visual descriptions.",youtube,https://youtube.com/watch?v=example4,2026-04-01,user_hash_004
"The face recognition is great but what about when I remember a photo had a specific person but I don't know their name in Google Photos? There's no way to describe someone to search.",reddit,https://reddit.com/r/googlephotos/example5,2026-04-10,user_hash_005
"Tried to find old vacation photos from Thailand. Searched 'Thailand' and got results but the specific night market photos I wanted were buried under hundreds of temple shots.",playstore,,2026-01-22,user_hash_006
"I remember taking a screenshot of flight tickets for a trip to London. I know it was in my browser. But searching 'flight' or 'London' doesn't show screenshots, only actual photos of London.",reddit,https://reddit.com/r/Android/example7,2026-05-02,user_hash_007
"Would love a feature where I can say 'show me photos from that weekend we went hiking' without knowing the exact date or trail name. I just remember the vibe.",community,https://support.google.com/photos/thread/example8,2026-03-30,user_hash_008
"Google Photos search is useless for finding documents I photographed. Searched 'tax form' and got nothing even though I definitely took a photo of my W2.",youtube,https://youtube.com/watch?v=example9,2026-02-14,user_hash_009
"I want to find the photo where my cat was sitting on the laptop keyboard. I remember it was hilarious but I have 3 years of cat photos and no way to describe this specific moment.",reddit,https://reddit.com/r/googlephotos/example10,2026-04-22,user_hash_010
"Photo search really struggles when I remember a photo by its context rather than its content. Like 'the photo I took right after the job interview' — there's no way to search for that.",playstore,,2026-03-05,user_hash_011
"I know the photo exists somewhere in my library — it's of a whiteboard from a meeting about Q3 planning. But searching 'whiteboard' returns hundreds of results from different meetings.",community,https://support.google.com/photos/thread/example12,2026-05-15,user_hash_012
"Spent 20 minutes scrolling through my camera roll trying to find a photo of my old apartment. I know roughly when I moved out but the exact month escapes me.",reddit,https://reddit.com/r/iphone/example13,2026-02-28,user_hash_013
"The search works great when you know what's IN the photo but terrible when you only remember WHEN or WHY you took it. I remember the occasion, not the objects.",youtube,https://youtube.com/watch?v=example14,2026-04-18,user_hash_014
"Cannot find screenshots from a specific app. I know I screenshotted several error messages from Slack last month but there's no way to filter screenshots by app source.",reddit,https://reddit.com/r/Android/example15,2026-05-20,user_hash_015
"Search doesn't understand context. I want 'photos from mom's birthday dinner at the Italian restaurant' but I have to break that down into separate searches and mentally combine results.",playstore,,2026-01-30,user_hash_016
"I have thousands of food photos and I need to find the one of the chocolate lava cake from a restaurant in Brooklyn. I remember the plate was white and it was nighttime.",reddit,https://reddit.com/r/googlephotos/example17,2026-03-12,user_hash_017
"Great app overall but searching for older photos is a nightmare. Once a photo is more than 2 years old it basically becomes impossible to find unless you remember the exact date.",appstore,,2026-04-05,user_hash_018
"I remember taking a video of fireworks at New Year's but searching 'fireworks' shows me results from multiple years and I can't tell which New Year's each one was from.",community,https://support.google.com/photos/thread/example19,2026-01-15,user_hash_019
"How do I find photos where a specific text is visible? Like a photo of a street sign or a business card. OCR search would be incredibly useful.",reddit,https://reddit.com/r/googlephotos/example20,2026-05-08,user_hash_020
"I took a photo of a plant disease on my tomato plant. Need to find it again to show the garden center. Searching 'tomato' just shows food photos, not the plant.",youtube,https://youtube.com/watch?v=example21,2026-04-25,user_hash_021
"Search for 'similar photos' feature would be amazing. I have one photo from a series and want to find the rest. Currently impossible without scrolling through the timeline.",playstore,,2026-02-10,user_hash_022
"I distinctly remember a group selfie we took at a concert. I can see it in my mind. But I don't remember which concert, which friends were in it, or even what year. How do I search for vibes?",reddit,https://reddit.com/r/googlephotos/example23,2026-05-30,user_hash_023
"My kid drew an amazing picture at school. I photographed it. Now I can't find it because 'drawing' search returns every photo that happens to have a drawing in the background.",community,https://support.google.com/photos/thread/example24,2026-03-22,user_hash_024
"I need the photo of the serial number on my washing machine. I know I took it for the warranty claim but that was probably 2 years ago. No idea how to search for a random number string.",reddit,https://reddit.com/r/googlephotos/example25,2026-04-14,user_hash_025
