video_title,author,text,like_count
,user_hash_004,Why can't I search for 'that photo with the red car parked next to the tree'? I can picture it perfectly but Google Photos doesn't understand visual descriptions.,0
,user_hash_009,Google Photos search is useless for finding documents I photographed. Searched 'tax form' and got nothing even though I definitely took a photo of my W2.,0
,user_hash_014,"The search works great when you know what's IN the photo but terrible when you only remember WHEN or WHY you took it. I remember the occasion, not the objects.",0
,user_hash_021,"I took a photo of a plant disease on my tomato plant. Need to find it again to show the garden center. Searching 'tomato' just shows food photos, not the plant.",0
How to recover old photos from gmail account I Recover photos from gmail account | google photos,@ShakeelKhan-ik9br,Muje gali dene ka man karra hai du kya,0
How to recover old photos from gmail account I Recover photos from gmail account | google photos,@RajendraViswkrma-q2i6j,Bhai mene 1 rupees bhi kar diya ye sab gand marne ka dhnda hai,0
How to recover old photos from gmail account I Recover photos from gmail account | google photos,@abdulwahidansari2421,Bewakoof bana rha,0
How to recover old photos from gmail account I Recover photos from gmail account | google photos,@reenajha9058,Network using limit Hai vah hamen pagal banaa,0
How to recover old photos from gmail account I Recover photos from gmail account | google photos,@salonisingh1111,Nhi ayi,0
How to recover old photos from gmail account I Recover photos from gmail account | google photos,@Manojkumarfastvlogs,Thank s bhai,0
How to recover old photos from gmail account I Recover photos from gmail account | google photos,@SonuMandal-l2t8e,Land,0
How to recover old photos from gmail account I Recover photos from gmail account | google photos,@ADITYAVOGGERBOY,Wow Very nice,0
How to recover old photos from gmail account I Recover photos from gmail account | google photos,@Navya-p9k,थैंक यू भाई मेरी तो जान ही निकल गई थी उसे सेकंड के लिए 5 साल की फोटो मेरी डिलीट हो गई थी सब आपकी वजह से वापस आ गई धन्यवाद,0
How to recover old photos from gmail account I Recover photos from gmail account | google photos,@tazza_khabar_9161,नहीं होता,0
How to recover old photos from gmail account I Recover photos from gmail account | google photos,@dhirajthakurop,Photo recover nai hote हे,0
How to recover old photos from gmail account I Recover photos from gmail account | google photos,@Saimaparween-g4d,Bro photo kab recove hoga,0
How to recover old photos from gmail account I Recover photos from gmail account | google photos,@SanatanSuran,❤❤❤❤❤❤❤❤❤❤❤😊😊😊😊😊😊😊😊😊😊,0
How to recover old photos from gmail account I Recover photos from gmail account | google photos,@SantoshKumar-uy8rk,Bahut bahut dhanyawad 🎉❤,0
How to recover old photos from gmail account I Recover photos from gmail account | google photos,@asheeshdubey3236,Nahi ho rahi,0
How to recover old photos from gmail account I Recover photos from gmail account | google photos,@manishshiyal5779,Love you love you love you so much bro sari fhoto aa gayi😊😊😊,0
How to recover old photos from gmail account I Recover photos from gmail account | google photos,@miss_mid_knight,Dogla sala 👿,0
How to recover old photos from gmail account I Recover photos from gmail account | google photos,@SuivdyalKumar,Thank you so much ❤❤❤❤,1
How to recover old photos from gmail account I Recover photos from gmail account | google photos,@HafizNadirusmani,Big fan sir apka photo dekh ke dewana ho gai,0
How To Recover Deleted Google Photos #ytshorts #recoverdeletedphoto #googlephotos,@AliHaider-x7d9f,Bakwas Kuch nahi hua,0
How To Recover Deleted Google Photos #ytshorts #recoverdeletedphoto #googlephotos,@sandippatra-u3g,Baler vidio,0
How To Recover Deleted Google Photos #ytshorts #recoverdeletedphoto #googlephotos,@ChandadeviPaswan-v4j,Bhaiya lock floder se photo delete hogya,0
How To Recover Deleted Google Photos #ytshorts #recoverdeletedphoto #googlephotos,@sidrahansari5706,Is it safe or not?,0
How To Recover Deleted Google Photos #ytshorts #recoverdeletedphoto #googlephotos,@NilimaBaksare-ch9kt,Jhuth h ye 😢😢,0
How To Recover Deleted Google Photos #ytshorts #recoverdeletedphoto #googlephotos,@iam.arpita15,Nhi aya bhai 😢😢,0
How To Recover Deleted Google Photos #ytshorts #recoverdeletedphoto #googlephotos,@AmritaSen-oo6us,Nhi aai bhai,0
How To Recover Deleted Google Photos #ytshorts #recoverdeletedphoto #googlephotos,@zhadesantosh7128,Vo backup photos he 😢 ek bar Jo dlt huve to tum marneke bad bhi wapas nahi la sakte,0
How To Recover Deleted Google Photos #ytshorts #recoverdeletedphoto #googlephotos,@SERENA-786,Not working,0
How To Recover Deleted Google Photos #ytshorts #recoverdeletedphoto #googlephotos,@itsboy6666,Nhi aye bhai,0
How To Recover Deleted Google Photos #ytshorts #recoverdeletedphoto #googlephotos,@Roblox_lover_girlll,Fake,0
How To Recover Deleted Google Photos #ytshorts #recoverdeletedphoto #googlephotos,@Vicky_mohanpur_,Sahi me aa gya bhai,0
How To Recover Deleted Google Photos #ytshorts #recoverdeletedphoto #googlephotos,@SudhaKumari-d7y8u,Nhi hua,0
How To Recover Deleted Google Photos #ytshorts #recoverdeletedphoto #googlephotos,@RadhakrishnanN-w3i1y,No😢,0
How To Recover Deleted Google Photos #ytshorts #recoverdeletedphoto #googlephotos,@deep_five_o,Jhut vhi aa rhe h jo phone m h,0
How To Recover Deleted Google Photos #ytshorts #recoverdeletedphoto #googlephotos,@AbhishekN-g9z,Fake,0
How To Recover Deleted Google Photos #ytshorts #recoverdeletedphoto #googlephotos,@UjjalSarkar-k8e,Thank you bro,0
How To Recover Deleted Google Photos #ytshorts #recoverdeletedphoto #googlephotos,@mamtaprajapati867,Kaha ho raha hai,0
How To Recover Deleted Google Photos #ytshorts #recoverdeletedphoto #googlephotos,@PuspalataBehera-v9f7r,Thnx,0
How To Recover Deleted Google Photos #ytshorts #recoverdeletedphoto #googlephotos,@rajatgupta7302,But ye to collage ban ke a rhe h,0
How to recover old photos from gmail account | Recover photos from gmail account,@jptechnews,"❤️ If you enjoyed this video, don't forget to follow my Facebook Page:-https://www.facebook.com/pradipbiswas123/",2
How to recover old photos from gmail account | Recover photos from gmail account,@MAKhan5701,Video Ko Like Bhi Kartu Aur Hua Toh Subscribe Bhi Kar Saktu When i find my pictures jo kahin na kahin toh honge.,0
How to recover old photos from gmail account | Recover photos from gmail account,@JaamSaqiSangrasi150,Thanks,0
How to recover old photos from gmail account | Recover photos from gmail account,@railatafheem5605,help me to get back my 5 years photos,0
How to recover old photos from gmail account | Recover photos from gmail account,@Cutebunni_0,So this is how my ex got pictures of me which I already deleted em but found em.,0
How to recover old photos from gmail account | Recover photos from gmail account,@HimanishDevilYT,Bro You are God 🎉🎉,0
How to recover old photos from gmail account | Recover photos from gmail account,@NYCTOPHILE-l1r,Sir contects to agaye but photos and videos nhi arahy please help,0
How to recover old photos from gmail account | Recover photos from gmail account,@touseefbashir7721,2016 ki pic recover ho sktin kiyaa es trick s gmail same hai phone change hoe hain lakin,0
How to recover old photos from gmail account | Recover photos from gmail account,@MRMillatseikh,hello broWho want play my smp,0
How to recover old photos from gmail account | Recover photos from gmail account,@krgamer999,Love you bro aapki video ne mara kaam aasan kiya aapko bahut bahut shubhkamnaye,0
How to recover old photos from gmail account | Recover photos from gmail account,@NaimatAlishah-q2n,Bhai ye  jo option  hni na ye show nahi horaha hni data and privacy  me,0
How to recover old photos from gmail account | Recover photos from gmail account,@lavkushkumar4570,Nahi ho raha hai bhai,1
How to recover old photos from gmail account | Recover photos from gmail account,@ReshmaBegum-z2m,Photos ka option hi nai aaraha kya kare,1
How to recover old photos from gmail account | Recover photos from gmail account,@Shubhi_official_Queen,Nhi Hua bhai 😢,0
How to recover old photos from gmail account | Recover photos from gmail account,@AbhilashaPhukan-kb6ex,But if i delete it from recently delete..it doesn't show on google photos😢,0
How to recover old photos from gmail account | Recover photos from gmail account,@nyan13-2,Messenger,0
How to recover old photos from gmail account | Recover photos from gmail account,@maheenmahi1332,Plz help me muje yaha sy b nh mili kuch pics,0
How to recover old photos from gmail account | Recover photos from gmail account,@SiyalKing-k4s5j,Transfer kasay karny,0
How to recover old photos from gmail account | Recover photos from gmail account,@rahimadhoni9446,Thanks a lot bro❤❤❤😅,0
How to recover old photos from gmail account | Recover photos from gmail account,@MahammadRafi-l8d,Apps and service me photos ja option hi nai hai mere phone me  Tho kaise karu download,0
How to recover old photos from gmail account I Deleted Photo Recover Trick | google photos‎,@QanitaSajid,Mere ps nai Aya ?,0
How to recover old photos from gmail account I Deleted Photo Recover Trick | google photos‎,@इत्तफाकसे,Thank Bhai Mera old photo mil gya 😊😊,0
How to recover old photos from gmail account I Deleted Photo Recover Trick | google photos‎,@AnmolPal-d9n,Photo ya peh bhi nahi hai,1
How to recover old photos from gmail account I Deleted Photo Recover Trick | google photos‎,@RaushanKumar-f5b2f,Nice 🎉🎉🎉🎉😂😂😂❤❤,0
How to recover old photos from gmail account I Deleted Photo Recover Trick | google photos‎,@abirpaul3605,ভাই এখান থেকে কি ভাবে নামবো,2
deleted photo recovery #shorts,@Tractorjunctionup13,Farji 😅,0
deleted photo recovery #shorts,@ManishKumar-uz6no,Nhi ata h to nahi banaye fake jankari nhi dijiye,0
deleted photo recovery #shorts,@ManishKumar-uz6no,Fake video bana dete h kya sir,0
deleted photo recovery #shorts,@Sooryavanshi21,False hai,0
deleted photo recovery #shorts,@TehreemEjaz-p1w,Sach me bohaaaat informative video h thanks brother...,0
deleted photo recovery #shorts,@kittu13-p,Bhai pehle khudka concept clear karle uske baad vedio banana. Yaar lagraha fir se or ek galary open hogeya,0
deleted photo recovery #shorts,@Itzfahim10,Tnq bro,0
deleted photo recovery #shorts,@VinodKumar-n5h3q,Thanks bro...,0
deleted photo recovery #shorts,@ZahedaSompa-k7u,Mei phone pe  toh nehi howa,0
deleted photo recovery #shorts,@altimate-x,Not working 🤬,0
deleted photo recovery #shorts,@Vansh_vr46,Bhai kuch nhi aa rha h kch kch bs aa rh h baki nhi aa rha piz bhai batao,0
deleted photo recovery #shorts,@Dau.d_bagi,Fake information,0
deleted photo recovery #shorts,@medmindset00,Kuch nhi ata,0
deleted photo recovery #shorts,@sonkaihaohaokip4921,...,0
deleted photo recovery #shorts,@QuraKholisa,Good,0
deleted photo recovery #shorts,@K.__.Mohapatra,Bhai udharese bhi delete hogya,0
deleted photo recovery #shorts,@gracybista9036,This is faake,1
deleted photo recovery #shorts,@PatangBasantLover,Jhoot,0
deleted photo recovery #shorts,@khokankhokan9548,Fake video 😡😡,0
deleted photo recovery #shorts,@AbenaoKayenpaibam,Arehhh nahi horahee,0
